{
  "graceid": "G298936",
  "gpstime": 1187529256.517903,
  "pipeline": "gstlal",
  "group": "CBC",
  "extra_attributes": {
    "SingleInspiral": [
      {
        "cont_chisq": 0.0,
        "kappa": 0.0,
        "bank_chisq": 0.0,
        "chisq_dof": 1,
        "end_time_gmst": 40604.9195330854,
        "event_duration": 0.0,
        "chisq": 0.847794,
        "spin1y": 0.0,
        "spin1x": 0.0,
        "spin1z": -0.29820532,
        "coa_phase": -1.6268145,
        "alpha2": 0.0,
        "mchirp": 32.742481,
        "alpha1": 0.0,
        "alpha6": 0.0,
        "alpha4": 0.0,
        "alpha5": 0.0,
        "chi": 0.0,
        "f_final": 542.53412,
        "tau2": 0.0,
        "tau3": 0.55269659,
        "tau0": 1.4108641,
        "tau4": 0.0,
        "tau5": 0.0,
        "template_duration": 2.37429233741786,
        "alpha3": 0.0,
        "impulse_time": 0,
        "impulse_time_ns": 0,
        "rsqveto_duration": 0.0,
        "channel": "GDS-CALIB_STRAIN",
        "mtotal": 83.942345,
        "cont_chisq_dof": 0,
        "search": "",
        "spin2x": 0.0,
        "spin2y": 0.0,
        "beta": 0.0,
        "snr": 6.3536797,
        "bank_chisq_dof": 0,
        "alpha": 0.0,
        "eff_distance": 1296.4589,
        "Gamma7": 0.0,
        "Gamma6": 0.0,
        "Gamma5": 0.0,
        "Gamma4": 0.0,
        "mass1": 59.126324,
        "Gamma2": 0.0,
        "Gamma1": 1269.0,
        "mass2": 24.816019,
        "ttotal": 0.0,
        "Gamma0": 306735.0,
        "spin2z": 0.89852035,
        "Gamma9": 0.0,
        "Gamma8": 0.0,
        "Gamma3": 0.0,
        "eta": 0.20823361,
        "psi0": 0.0,
        "end_time": 1187529256,
        "amplitude": 0.0,
        "psi3": 0.0,
        "end_time_ns": 517029981,
        "ifo": "H1",
        "sigmasq": 67852850.4183298
      },
      {
        "cont_chisq": 0.0,
        "kappa": 0.0,
        "bank_chisq": 0.0,
        "chisq_dof": 1,
        "end_time_gmst": 40604.9195331491,
        "event_duration": 0.0,
        "chisq": 0.76802683,
        "spin1y": 0.0,
        "spin1x": 0.0,
        "spin1z": -0.29820532,
        "coa_phase": 2.179539,
        "alpha2": 0.0,
        "mchirp": 32.742481,
        "alpha1": 0.0,
        "alpha6": 0.0,
        "alpha4": 0.0,
        "alpha5": 0.0,
        "chi": 0.0,
        "f_final": 542.53412,
        "tau2": 0.0,
        "tau3": 0.55269659,
        "tau0": 1.4108641,
        "tau4": 0.0,
        "tau5": 0.0,
        "template_duration": 2.37429233741786,
        "alpha3": 0.0,
        "impulse_time": 0,
        "impulse_time_ns": 0,
        "rsqveto_duration": 0.0,
        "channel": "GDS-CALIB_STRAIN",
        "mtotal": 83.942345,
        "cont_chisq_dof": 0,
        "search": "",
        "spin2x": 0.0,
        "spin2y": 0.0,
        "beta": 0.0,
        "snr": 9.339757,
        "bank_chisq_dof": 0,
        "alpha": 0.0,
        "eff_distance": 1173.8541,
        "Gamma7": 0.0,
        "Gamma6": 0.0,
        "Gamma5": 0.0,
        "Gamma4": 0.0,
        "mass1": 59.126324,
        "Gamma2": 0.0,
        "Gamma1": 1269.0,
        "mass2": 24.816019,
        "ttotal": 0.0,
        "Gamma0": 306735.0,
        "spin2z": 0.89852035,
        "Gamma9": 0.0,
        "Gamma8": 0.0,
        "Gamma3": 0.0,
        "eta": 0.20823361,
        "psi0": 0.0,
        "end_time": 1187529256,
        "amplitude": 0.0,
        "psi3": 0.0,
        "end_time_ns": 517903266,
        "ifo": "L1",
        "sigmasq": 120198605.249805
      }
    ],
    "CoincInspiral": {
      "false_alarm_rate": 0.000263312013118758,
      "mchirp": 32.7424812316895,
      "minimum_duration": 29.4820966720581,
      "mass": 83.9423427581787,
      "end_time": 1187529256,
      "snr": 11.2960305134468,
      "end_time_ns": 517903266,
      "combined_far": 1.73853319852316e-11,
      "ifos": "H1,L1"
    }
  },
  "links": {
    "neighbors": "https://gracedb.ligo.org/api/events/G298936/neighbors/",
    "files": "https://gracedb.ligo.org/api/events/G298936/files/",
    "log": "https://gracedb.ligo.org/api/events/G298936/log/",
    "tags": "https://gracedb.ligo.org/api/events/G298936/tag/",
    "self": "https://gracedb.ligo.org/api/events/G298936",
    "labels": "https://gracedb.ligo.org/api/events/G298936/labels/",
    "emobservations": "https://gracedb.ligo.org/api/events/G298936/emobservation/"
  },
  "created": "2017-08-23 13:14:31 UTC",
  "far": 1.73853319852316e-11,
  "instruments": "H1,L1",
  "labels": [
    "EM_Selected",
    "ADVOK",
    "L1OK",
    "H1OK"
  ],
  "search": "O2VirgoTest",
  "nevents": 2,
  "superevent": null,
  "submitter": "gstlalcbc",
  "offline": false,
  "likelihood": 30.8655826263015,
  "far_is_upper_limit": false
}